<?xml version="1.0" encoding="UTF-8"?>
<project-private xmlns="http://www.netbeans.org/ns/project-private/1">
    <editor-bookmarks xmlns="http://www.netbeans.org/ns/editor-bookmarks/2" lastBookmarkId="1">
        <file>
            <url>src/sigma/sdn/bhd/JFrameAdminMenu.java</url>
            <bookmark id="1">
                <name/>
                <line>120</line>
                <key/>
            </bookmark>
        </file>
    </editor-bookmarks>
    <open-files xmlns="http://www.netbeans.org/ns/projectui-open-files/2">
        <group>
            <file>file:/C:/Users/vinni/OneDrive/Desktop/OODJ%20Group%20Assignment/SIGMA%20SDN%20BHD/src/sigma/sdn/bhd/User.java</file>
            <file>file:/C:/Users/vinni/OneDrive/Desktop/OODJ%20Group%20Assignment/SIGMA%20SDN%20BHD/src/sigma/sdn/bhd/PurchaseOrder.java</file>
            <file>file:/C:/Users/vinni/OneDrive/Desktop/OODJ%20Group%20Assignment/SIGMA%20SDN%20BHD/src/sigma/sdn/bhd/PurchaseOrderManagement.java</file>
            <file>file:/C:/Users/vinni/OneDrive/Desktop/OODJ%20Group%20Assignment/SIGMA%20SDN%20BHD/data/UserData.txt</file>
            <file>file:/C:/Users/vinni/OneDrive/Desktop/OODJ%20Group%20Assignment/SIGMA%20SDN%20BHD/src/sigma/sdn/bhd/DataCheck.java</file>
            <file>file:/C:/Users/vinni/OneDrive/Desktop/OODJ%20Group%20Assignment/SIGMA%20SDN%20BHD/src/sigma/sdn/bhd/JFrameAdminMenu.java</file>
            <file>file:/C:/Users/vinni/OneDrive/Desktop/OODJ%20Group%20Assignment/SIGMA%20SDN%20BHD/src/sigma/sdn/bhd/Stock.java</file>
            <file>file:/C:/Users/vinni/OneDrive/Desktop/OODJ%20Group%20Assignment/SIGMA%20SDN%20BHD/src/sigma/sdn/bhd/Item.java</file>
        </group>
    </open-files>
</project-private>
